--INSERTS INICIALES

BEGIN;

--Donantes
INSERT INTO Donantes (nombres, apellidos, direccion, referenciaDomicilio, latitude, longitude, telCasa, telCelular, activo) VALUES ('Petra', 'Perez', 'Av Garza Sada 2501, Tecnológico, 64849 Monterrey', 'Cerca del HEB', 25.6667, -100.3167, '8713577811', '8713577811', 1);
INSERT INTO Donantes (nombres, apellidos, direccion, referenciaDomicilio, latitude, longitude, telCasa, telCelular, activo) VALUES ('SRA MARÍA', 'Gomez', 'Calle Morelos #123, Colonia Juárez, Monterrey, Nuevo León', 'La casa con techo rojo, al lado del Oxxo', 25.7, -100.4667, '8713577811', '8713577811', 1);
INSERT INTO Donantes (nombres, apellidos, direccion, referenciaDomicilio, latitude, longitude, telCasa, telCelular, activo) VALUES ('Pedro', 'García', 'Privada Hidalgo #45, Fraccionamiento San Pedro, San Pedro Garza García', 'edificio blanco, frente al parque "Los Pájaros"', 25.5833, -100.25, '8713577811', '8713577811', 1);
INSERT INTO Donantes (nombres, apellidos, direccion, referenciaDomicilio, latitude, longitude, telCasa, telCelular, activo) VALUES ('Elena', 'Rodríguez', 'Avenida Benito Juárez #789, Colonia Centro, Guadalupe', 'Casa amarilla, junto a la tienda "La Esquina Feliz"', 25.45, -100.8, '8713577811', '0', 1);
INSERT INTO Donantes (nombres, apellidos, direccion, referenciaDomicilio, latitude, longitude, telCasa, telCelular, activo) VALUES ('Cecilia', 'Martínez', 'Paseo de los Robles #234, Fraccionamiento Valle de las Cumbres, García', 'La casa con techo rojo, al lado del Oxxo', 25.55, -100.9, '8713577811', '0', 1);
INSERT INTO Donantes (nombres, apellidos, direccion, referenciaDomicilio, latitude, longitude, telCasa, telCelular, activo) VALUES ('Hilda', 'Sanchez', 'Boulevard Manuel Ávila Camacho #567, Colonia Contry, Monterrey', 'edificio de ladrillo, cerca de la tienda Soriana', 25.6333, -100.3833, '8713577811', '0', 1);
INSERT INTO Donantes (nombres, apellidos, direccion, referenciaDomicilio, latitude, longitude, telCasa, telCelular, activo) VALUES ('Emma', 'Doe', 'Calzada del Valle #890, Colonia Del Valle, San Pedro Garza García', 'pintado de verde, a un costado del parque "Los Pinos"', 25.5167, -100.7167, '8713577811', '0', 1);
INSERT INTO Donantes (nombres, apellidos, direccion, referenciaDomicilio, latitude, longitude, telCasa, telCelular, activo) VALUES ('Alicia', 'Smith', 'Privada Las Palmas #12, Fraccionamiento Residencial Cumbres, Monterrey', 'Casa de tres plantas, color terracota, enfrente de la farmacia Benavides', 25.6, -100.35, '8713577811', '0', 1);
INSERT INTO Donantes (nombres, apellidos, direccion, referenciaDomicilio, latitude, longitude, telCasa, telCelular, activo) VALUES ('Guadalupe', 'Garza', 'Avenida Miguel Hidalgo #456, Colonia Obispado, Monterrey', 'muros amarillos, al lado del supermercado Soriana', 25.6667, -100.5833, '8713577811', '8713577811', 1);
INSERT INTO Donantes (nombres, apellidos, direccion, referenciaDomicilio, latitude, longitude, telCasa, telCelular, activo) VALUES ('Aida', 'Sada', 'Av Garza Sada 2501, Tecnológico, 64849 Monterrey', 'rosa, a un costado del centro comercial "Paseo La Fe"', 25.4833, -100.6667, '8713577811', '0', 1);
INSERT INTO Donantes (nombres, apellidos, direccion, referenciaDomicilio, latitude, longitude, telCasa, telCelular, activo) VALUES ('Donante', 'Perez', 'Calle Morelos #123, Colonia Juárez, Monterrey, Nuevo León', 'La casa con portón azul, en la esquina', 25.5167, -100.4167, '8713577811', '0', 1);
INSERT INTO Donantes (nombres, apellidos, direccion, referenciaDomicilio, latitude, longitude, telCasa, telCelular, activo) VALUES ('Refugio', 'Gomez', 'Privada Hidalgo #45, Fraccionamiento San Pedro, San Pedro Garza García', 'cerca de la tienda Oxxo', 25.5833, -100.7167, '8713577811', '0', 1);
INSERT INTO Donantes (nombres, apellidos, direccion, referenciaDomicilio, latitude, longitude, telCasa, telCelular, activo) VALUES ('Dnte', 'García', 'Avenida Benito Juárez #789, Colonia Centro, Guadalupe', 'Casa de dos pisos, pintada de blanco, junto al parque', 25.6333, -100.45, '8713577811', '8713577811', 1);
INSERT INTO Donantes (nombres, apellidos, direccion, referenciaDomicilio, latitude, longitude, telCasa, telCelular, activo) VALUES ('Elia', 'Rodríguez', 'Paseo de los Robles #234, Fraccionamiento Valle de las Cumbres, García', 'jardín en la esquina, a un lado del abarrotes "El Sol"', 25.5333, -100.6, '8713577811', '8713577811', 1);
INSERT INTO Donantes (nombres, apellidos, direccion, referenciaDomicilio, latitude, longitude, telCasa, telCelular, activo) VALUES ('Rosalinda', 'Martínez', 'Boulevard Manuel Ávila Camacho #567, Colonia Contry, Monterrey', 'techo de tejas, cerca del mercado', 25.5667, -100.8333, '8713577811', '0', 1);
INSERT INTO Donantes (nombres, apellidos, direccion, referenciaDomicilio, latitude, longitude, telCasa, telCelular, activo) VALUES ('Jorge', 'Sanchez', 'Calzada del Valle #890, Colonia Del Valle, San Pedro Garza García', 'fachada naranja, frente a la escuela primaria "Benito Juárez"', 25.7, -100.6, '8713577811', '8713577811', 1);
INSERT INTO Donantes (nombres, apellidos, direccion, referenciaDomicilio, latitude, longitude, telCasa, telCelular, activo) VALUES ('Elena', 'Doe', 'Privada Las Palmas #12, Fraccionamiento Residencial Cumbres, Monterrey', 'bardas color verde oscuro, al lado de la tienda Aurrerá', 25.45, -100.5667, '8713577811', '8713577811', 1);
INSERT INTO Donantes (nombres, apellidos, direccion, referenciaDomicilio, latitude, longitude, telCasa, telCelular, activo) VALUES ('Cecilia', 'Smith', 'Avenida Miguel Hidalgo #456, Colonia Obispado, Monterrey', 'Cerca del HEB', 25.6167, -100.5, '8713577811', '8713577811', 1);
INSERT INTO Donantes (nombres, apellidos, direccion, referenciaDomicilio, latitude, longitude, telCasa, telCelular, activo) VALUES ('Hilda', 'Garza', 'Av Garza Sada 2501, Tecnológico, 64849 Monterrey', 'La casa con techo rojo, al lado del Oxxo', 25.4833, -100.3333, '8713577811', '8713577811', 1);
INSERT INTO Donantes (nombres, apellidos, direccion, referenciaDomicilio, latitude, longitude, telCasa, telCelular, activo) VALUES ('Emma', 'Sada', 'Calle Morelos #123, Colonia Juárez, Monterrey, Nuevo León', 'edificio blanco, frente al parque "Los Pájaros"', 25.55, -100.7167, '8713577811', '8713577811', 1);
INSERT INTO Donantes (nombres, apellidos, direccion, referenciaDomicilio, latitude, longitude, telCasa, telCelular, activo) VALUES ('Alicia', 'Perez', 'Privada Hidalgo #45, Fraccionamiento San Pedro, San Pedro Garza García', 'Casa amarilla, junto a la tienda "La Esquina Feliz"', 25.6, -100.4167, '8713577811', '0', 1);
INSERT INTO Donantes (nombres, apellidos, direccion, referenciaDomicilio, latitude, longitude, telCasa, telCelular, activo) VALUES ('Guadalupe', 'Gomez', 'Avenida Benito Juárez #789, Colonia Centro, Guadalupe', 'La casa con techo rojo, al lado del Oxxo', 25.6667, -100.75, '8713577811', '0', 1);
INSERT INTO Donantes (nombres, apellidos, direccion, referenciaDomicilio, latitude, longitude, telCasa, telCelular, activo) VALUES ('Aida', 'García', 'Paseo de los Robles #234, Fraccionamiento Valle de las Cumbres, García', 'edificio de ladrillo, cerca de la tienda Soriana', 25.5167, -100.3333, '8713577811', '0', 1);
INSERT INTO Donantes (nombres, apellidos, direccion, referenciaDomicilio, latitude, longitude, telCasa, telCelular, activo) VALUES ('Donante', 'Rodríguez', 'Boulevard Manuel Ávila Camacho #567, Colonia Contry, Monterrey', 'pintado de verde, a un costado del parque "Los Pinos"', 25.5833, -100.6, '8713577811', '0', 1);
INSERT INTO Donantes (nombres, apellidos, direccion, referenciaDomicilio, latitude, longitude, telCasa, telCelular, activo) VALUES ('Refugio', 'Martínez', 'Calzada del Valle #890, Colonia Del Valle, San Pedro Garza García', 'Casa de tres plantas, color terracota, enfrente de la farmacia Benavides', 25.4667, -100.7, '8713577811', '0', 1);
INSERT INTO Donantes (nombres, apellidos, direccion, referenciaDomicilio, latitude, longitude, telCasa, telCelular, activo) VALUES ('Dnte', 'Sanchez', 'Privada Las Palmas #12, Fraccionamiento Residencial Cumbres, Monterrey', 'muros amarillos, al lado del supermercado Soriana', 25.55, -100.55, '8713577811', '8713577811', 1);
INSERT INTO Donantes (nombres, apellidos, direccion, referenciaDomicilio, latitude, longitude, telCasa, telCelular, activo) VALUES ('Elia', 'Doe', 'Avenida Miguel Hidalgo #456, Colonia Obispado, Monterrey', 'rosa, a un costado del centro comercial "Paseo La Fe"', 25.6333, -100.5167, '8713577811', '0', 1);
INSERT INTO Donantes (nombres, apellidos, direccion, referenciaDomicilio, latitude, longitude, telCasa, telCelular, activo) VALUES ('Rosalinda', 'Smith', 'Calle Morelos #123, Colonia Juárez, Monterrey, Nuevo León', 'La casa con portón azul, en la esquina', 25.5, -100.8, '8713577811', '0', 1);
INSERT INTO Donantes (nombres, apellidos, direccion, referenciaDomicilio, latitude, longitude, telCasa, telCelular, activo) VALUES ('Ramón', 'Garza', 'Privada Hidalgo #45, Fraccionamiento San Pedro, San Pedro Garza García', 'cerca de la tienda Oxxo', 25.5667, -100.4, '8713577811', '0', 1);
INSERT INTO Donantes (nombres, apellidos, direccion, referenciaDomicilio, latitude, longitude, telCasa, telCelular, activo) VALUES ('Elena', 'Sada', 'Avenida Benito Juárez #789, Colonia Centro, Guadalupe', 'Casa de dos pisos, pintada de blanco, junto al parque', 25.65, -100.6667, '8713577811', '8713577811', 1);

--Logins
INSERT INTO Logins (usuario, contrasena, tipo, activo) VALUES ('JMartinez100', '321A7A7BADBE2E377B40F54E80C822A2D911D8A059231E4357626F8517C6D9A4', 1, 1);
INSERT INTO Logins (usuario, contrasena, tipo, activo) VALUES ('MGarcia100', '2AA1DDD3DBF33CEA0B4A766CE2190C5A58BD4697A244EDCA4B7AF765A24A919D', 2, 1);
INSERT INTO Logins (usuario, contrasena, tipo, activo) VALUES ('JGomez110', 'A665A45920422F9D417E4867EFDC4FB8A04A1F3FFF1FA07E998E86F7F7A27AE', 1, 1);
INSERT INTO Logins (usuario, contrasena, tipo, activo) VALUES ('JGarza120', 'A665A45920422F9D417E4867EFDC4FB8A04A1F3FFF1FA07E998E86F7F7A27AE', 1, 1);
INSERT INTO Logins (usuario, contrasena, tipo, activo) VALUES ('JRamirez230', 'A665A45920422F9D417E4867EFDC4FB8A04A1F3FFF1FA07E998E86F7F7A27AE', 1, 1);
INSERT INTO Logins (usuario, contrasena, tipo, activo) VALUES ('LFlores140', 'A665A45920422F9D417E4867EFDC4FB8A04A1F3FFF1FA07E998E86F7F7A27AE', 1, 1);
INSERT INTO Logins (usuario, contrasena, tipo, activo) VALUES ('Agarza', 'A665A45920422F9D417E4867EFDC4FB8A04A1F3FFF1FA07E998E86F7F7A27AE', 2, 1);
INSERT INTO Logins (usuario, contrasena, tipo, activo) VALUES ('LSanchez', 'A665A45920422F9D417E4867EFDC4FB8A04A1F3FFF1FA07E998E86F7F7A27AE', 2, 1);
INSERT INTO Logins (usuario, contrasena, tipo, activo) VALUES ('Pperez', 'A665A45920422F9D417E4867EFDC4FB8A04A1F3FFF1FA07E998E86F7F7A27AE', 2, 1);
INSERT INTO Logins (usuario, contrasena, tipo, activo) VALUES ('Jflores', 'A665A45920422F9D417E4867EFDC4FB8A04A1F3FFF1FA07E998E86F7F7A27AE', 2, 1);

--Recolectores
INSERT INTO Recolectores (idLogin, nombres, apellidos, activo) VALUES (1, 'José', 'Martínez', 1);
INSERT INTO Recolectores (idLogin, nombres, apellidos, activo) VALUES ( 3, 'Javier', 'Gomez', 1);
INSERT INTO Recolectores (idLogin, nombres, apellidos, activo) VALUES ( 4, 'Jesús', 'Garza', 1);
INSERT INTO Recolectores (idLogin, nombres, apellidos, activo) VALUES ( 5, 'Jorge', 'Ramírez', 1);
INSERT INTO Recolectores (idLogin, nombres, apellidos, activo) VALUES ( 6, 'Luis', 'Flores', 1);

--Recibos
INSERT INTO Recibos (idRecolector, idDonante, cantidad, cobrado, comentarios, fecha, comentarioHorario, activo) VALUES (1, 1, 200, 1, '', '2023-12-01', 'CONFIRMA SRA ALICIA ABUELITA PASAR DE 10 A 1', 1);
INSERT INTO Recibos (idRecolector, idDonante, cantidad, cobrado, comentarios, fecha, comentarioHorario, activo) VALUES (2, 2, 400, 1, '', '2023-12-01', 'DE 9  A 1 , 04 SEPT.', 1);
INSERT INTO Recibos (idRecolector, idDonante, cantidad, cobrado, comentarios, fecha, comentarioHorario, activo) VALUES (3, 3, 500, 2, '', '2023-12-01', 'PASAR EL LUNES 04/09 DE 3-6', 1);
INSERT INTO Recibos (idRecolector, idDonante, cantidad, cobrado, comentarios, fecha, comentarioHorario, activo) VALUES (4, 4, 1200, 1, '', '2023-12-01', 'P. 4 DE SEPTIEMBRE DE 10 A 1 P.M', 1);
INSERT INTO Recibos (idRecolector, idDonante, cantidad, cobrado, comentarios, fecha, comentarioHorario, activo) VALUES (5, 5, 100, 2, '', '2023-12-01', 'P. 4 DE SEPTIEMBRE DE 1 A 6', 1);
INSERT INTO Recibos (idRecolector, idDonante, cantidad, cobrado, comentarios, fecha, comentarioHorario, activo) VALUES (1, 6, 150, 2, '', '2023-12-01', '4 DE SEPTIEMBRE  DE 10 A 1:00 PM ', 1);
INSERT INTO Recibos (idRecolector, idDonante, cantidad, cobrado, comentarios, fecha, comentarioHorario, activo) VALUES (2, 7, 200, 1, '', '2023-12-01', '4 DE SEPTIEMBRE DE 10 A 1', 1);
INSERT INTO Recibos (idRecolector, idDonante, cantidad, cobrado, comentarios, fecha, comentarioHorario, activo) VALUES (3, 8, 200, 1, '', '2023-12-01', '2 A 5 PM SE CONF, CON LA SRA EMMA', 1);
INSERT INTO Recibos (idRecolector, idDonante, cantidad, cobrado, comentarios, fecha, comentarioHorario, activo) VALUES (4, 9, 400, 2, '', '2023-12-01', 'PASAR EL LUNES 04/09  DE 10-1', 1);
INSERT INTO Recibos (idRecolector, idDonante, cantidad, cobrado, comentarios, fecha, comentarioHorario, activo) VALUES (5, 10, 200, 1, '', '2023-12-01', 'DESPUÉS DE LAS 2 TOCAR FUERTE, SEGUNDO PIDO', 1);
INSERT INTO Recibos (idRecolector, idDonante, cantidad, cobrado, comentarios, fecha, comentarioHorario, activo) VALUES (1, 11, 200, 2, '', '2023-12-01', '10:00 A 1:00', 1);
INSERT INTO Recibos (idRecolector, idDonante, cantidad, cobrado, comentarios, fecha, comentarioHorario, activo) VALUES (2, 12, 500, 2, '', '2023-12-01', '4 DE SEPTIEMBRE DE 10 A 1', 1);
INSERT INTO Recibos (idRecolector, idDonante, cantidad, cobrado, comentarios, fecha, comentarioHorario, activo) VALUES (3, 13, 200, 1, '', '2023-12-01', 'ANTES DE LA 1:00 LUNES 4 DE SEP', 1);
INSERT INTO Recibos (idRecolector, idDonante, cantidad, cobrado, comentarios, fecha, comentarioHorario, activo) VALUES (4, 14, 400, 1, '', '2023-12-01', 'PASAR EL LUNES DURANTE EL DIA', 1);
INSERT INTO Recibos (idRecolector, idDonante, cantidad, cobrado, comentarios, fecha, comentarioHorario, activo) VALUES (5, 15, 500, 2, '', '2023-12-01', '4 DE SEPTIEMBRE DE 10 A 1', 1);
INSERT INTO Recibos (idRecolector, idDonante, cantidad, cobrado, comentarios, fecha, comentarioHorario, activo) VALUES (1, 16, 1200, 1, '', '2023-12-01', 'DESPUES DE LAS 2 PM', 1);
INSERT INTO Recibos (idRecolector, idDonante, cantidad, cobrado, comentarios, fecha, comentarioHorario, activo) VALUES (2, 17, 100, 2, '', '2023-12-01', 'PASAR  DE 9  A 1 ,  04 SEPT', 1);
INSERT INTO Recibos (idRecolector, idDonante, cantidad, cobrado, comentarios, fecha, comentarioHorario, activo) VALUES (3, 18, 150, 2, '', '2023-12-01', 'CONFIRMA SRA ALICIA ABUELITA PASAR DE 10 A 1', 1);
INSERT INTO Recibos (idRecolector, idDonante, cantidad, cobrado, comentarios, fecha, comentarioHorario, activo) VALUES (4, 19, 200, 1, '', '2023-12-01', 'DE 9  A 1 , 04 SEPT.', 1);
INSERT INTO Recibos (idRecolector, idDonante, cantidad, cobrado, comentarios, fecha, comentarioHorario, activo) VALUES (5, 20, 200, 1, '', '2023-12-01', 'PASAR EL LUNES 04/09 DE 3-6', 1);
INSERT INTO Recibos (idRecolector, idDonante, cantidad, cobrado, comentarios, fecha, comentarioHorario, activo) VALUES (1, 21, 400, 2, '', '2023-12-01', 'P. 4 DE SEPTIEMBRE DE 10 A 1 P.M', 1);
INSERT INTO Recibos (idRecolector, idDonante, cantidad, cobrado, comentarios, fecha, comentarioHorario, activo) VALUES (2, 22, 200, 1, '', '2023-12-01', 'P. 4 DE SEPTIEMBRE DE 1 A 6', 1);
INSERT INTO Recibos (idRecolector, idDonante, cantidad, cobrado, comentarios, fecha, comentarioHorario, activo) VALUES (3, 23, 200, 2, '', '2023-12-01', '4 DE SEPTIEMBRE  DE 10 A 1:00 PM ', 1);
INSERT INTO Recibos (idRecolector, idDonante, cantidad, cobrado, comentarios, fecha, comentarioHorario, activo) VALUES (4, 24, 500, 2, '', '2023-12-01', '4 DE SEPTIEMBRE DE 10 A 1', 1);
INSERT INTO Recibos (idRecolector, idDonante, cantidad, cobrado, comentarios, fecha, comentarioHorario, activo) VALUES (5, 25, 200, 1, '', '2023-12-01', '2 A 5 PM SE CONF, CON LA SRA EMMA', 1);
INSERT INTO Recibos (idRecolector, idDonante, cantidad, cobrado, comentarios, fecha, comentarioHorario, activo) VALUES (1, 26, 400, 1, '', '2023-12-01', 'PASAR EL LUNES 04/09  DE 10-1', 1);
INSERT INTO Recibos (idRecolector, idDonante, cantidad, cobrado, comentarios, fecha, comentarioHorario, activo) VALUES (2, 27, 500, 2, '', '2023-12-01', 'DESPUÉS DE LAS 2 TOCAR FUERTE, SEGUNDO PIDO', 1);
INSERT INTO Recibos (idRecolector, idDonante, cantidad, cobrado, comentarios, fecha, comentarioHorario, activo) VALUES (3, 28, 1200, 1, '', '2023-12-01', '10:00 A 1:00', 1);
INSERT INTO Recibos (idRecolector, idDonante, cantidad, cobrado, comentarios, fecha, comentarioHorario, activo) VALUES (4, 29, 100, 2, '', '2023-12-01', '4 DE SEPTIEMBRE DE 10 A 1', 1);
INSERT INTO Recibos (idRecolector, idDonante, cantidad, cobrado, comentarios, fecha, comentarioHorario, activo) VALUES (5, 30, 150, 2, '', '2023-12-01', 'ANTES DE LA 1:00 LUNES 4 DE SEP', 1);
INSERT INTO Recibos (idRecolector, idDonante, cantidad, cobrado, comentarios, fecha, comentarioHorario, activo) VALUES (1, 1, 200, 0, 'No se encontraba en casa', '2023-12-01', 'PASAR EL LUNES DURANTE EL DIA', 1);
INSERT INTO Recibos (idRecolector, idDonante, cantidad, cobrado, comentarios, fecha, comentarioHorario, activo) VALUES (2, 2, 200, 0, 'Ya no vive ahi', '2023-12-01', '4 DE SEPTIEMBRE DE 10 A 1', 1);
INSERT INTO Recibos (idRecolector, idDonante, cantidad, cobrado, comentarios, fecha, comentarioHorario, activo) VALUES (3, 3, 400, 0, 'No desea continuar ayudando', '2023-12-01', 'DESPUES DE LAS 2 PM', 1);
INSERT INTO Recibos (idRecolector, idDonante, cantidad, cobrado, comentarios, fecha, comentarioHorario, activo) VALUES (4, 4, 200, 0, 'Indispuesto', '2023-12-01', 'PASAR  DE 9  A 1 ,  04 SEPT', 1);
INSERT INTO Recibos (idRecolector, idDonante, cantidad, cobrado, comentarios, fecha, comentarioHorario, activo) VALUES (5, 5, 200, 0, 'No se ubicó el domicilio', '2023-12-01', '10:00 A 1:00', 1);
INSERT INTO Recibos (idRecolector, idDonante, cantidad, cobrado, comentarios, fecha, comentarioHorario, activo) VALUES (1, 6, 500, 0, 'No se encontraba en casa', '2023-12-01', '4 DE SEPTIEMBRE DE 10 A 1', 1);
INSERT INTO Recibos (idRecolector, idDonante, cantidad, cobrado, comentarios, fecha, comentarioHorario, activo) VALUES (2, 7, 200, 0, 'Ya no vive ahi', '2023-12-01', 'ANTES DE LA 1:00 LUNES 4 DE SEP', 1);
INSERT INTO Recibos (idRecolector, idDonante, cantidad, cobrado, comentarios, fecha, comentarioHorario, activo) VALUES (3, 8, 400, 0, 'No desea continuar ayudando', '2023-12-01', 'PASAR EL LUNES DURANTE EL DIA', 1);
INSERT INTO Recibos (idRecolector, idDonante, cantidad, cobrado, comentarios, fecha, comentarioHorario, activo) VALUES (4, 9, 500, 0, 'Indispuesto', '2023-12-01', '4 DE SEPTIEMBRE DE 10 A 1', 1);
INSERT INTO Recibos (idRecolector, idDonante, cantidad, cobrado, comentarios, fecha, comentarioHorario, activo) VALUES (5, 10, 1200, 0, 'No se ubicó el domicilio', '2023-12-01', 'DESPUES DE LAS 2 PM', 1);
INSERT INTO Recibos (idRecolector, idDonante, cantidad, cobrado, comentarios, fecha, comentarioHorario, activo) VALUES (1, 11, 100, 2, '', '2023-12-01', 'PASAR  DE 9  A 1 ,  04 SEPT', 1);
INSERT INTO Recibos (idRecolector, idDonante, cantidad, cobrado, comentarios, fecha, comentarioHorario, activo) VALUES (2, 12, 150, 2, '', '2023-12-01', 'CONFIRMA SRA ALICIA ABUELITA PASAR DE 10 A 1', 1);
INSERT INTO Recibos (idRecolector, idDonante, cantidad, cobrado, comentarios, fecha, comentarioHorario, activo) VALUES (3, 13, 200, 2, '', '2023-12-01', 'DE 9  A 1 , 04 SEPT.', 1);
INSERT INTO Recibos (idRecolector, idDonante, cantidad, cobrado, comentarios, fecha, comentarioHorario, activo) VALUES (4, 14, 200, 2, '', '2023-12-01', 'PASAR EL LUNES 04/09 DE 3-6', 1);
INSERT INTO Recibos (idRecolector, idDonante, cantidad, cobrado, comentarios, fecha, comentarioHorario, activo) VALUES (5, 15, 400, 2, '', '2023-12-01', 'P. 4 DE SEPTIEMBRE DE 10 A 1 P.M', 1);
INSERT INTO Recibos (idRecolector, idDonante, cantidad, cobrado, comentarios, fecha, comentarioHorario, activo) VALUES (1, 16, 200, 2, '', '2023-12-01', 'P. 4 DE SEPTIEMBRE DE 1 A 6', 1);
INSERT INTO Recibos (idRecolector, idDonante, cantidad, cobrado, comentarios, fecha, comentarioHorario, activo) VALUES (2, 17, 200, 2, '', '2023-12-01', '4 DE SEPTIEMBRE  DE 10 A 1:00 PM ', 1);
INSERT INTO Recibos (idRecolector, idDonante, cantidad, cobrado, comentarios, fecha, comentarioHorario, activo) VALUES (3, 18, 500, 2, '', '2023-12-01', '4 DE SEPTIEMBRE DE 10 A 1', 1);
INSERT INTO Recibos (idRecolector, idDonante, cantidad, cobrado, comentarios, fecha, comentarioHorario, activo) VALUES (4, 19, 200, 2, '', '2023-12-01', '2 A 5 PM SE CONF, CON LA SRA EMMA', 1);
INSERT INTO Recibos (idRecolector, idDonante, cantidad, cobrado, comentarios, fecha, comentarioHorario, activo) VALUES (5, 20, 400, 2, '', '2023-12-01', 'PASAR EL LUNES 04/09  DE 10-1', 1);
INSERT INTO Recibos (idRecolector, idDonante, cantidad, cobrado, comentarios, fecha, comentarioHorario, activo) VALUES (1, 21, 500, 2, '', '2023-12-01', 'DESPUÉS DE LAS 2 TOCAR FUERTE, SEGUNDO PIDO', 1);
INSERT INTO Recibos (idRecolector, idDonante, cantidad, cobrado, comentarios, fecha, comentarioHorario, activo) VALUES (2, 22, 1200, 2, '', '2023-12-01', '10:00 A 1:00', 1);
INSERT INTO Recibos (idRecolector, idDonante, cantidad, cobrado, comentarios, fecha, comentarioHorario, activo) VALUES (3, 23, 100, 2, '', '2023-12-01', '4 DE SEPTIEMBRE DE 10 A 1', 1);
INSERT INTO Recibos (idRecolector, idDonante, cantidad, cobrado, comentarios, fecha, comentarioHorario, activo) VALUES (4, 24, 150, 2, '', '2023-12-01', 'ANTES DE LA 1:00 LUNES 4 DE SEP', 1);
INSERT INTO Recibos (idRecolector, idDonante, cantidad, cobrado, comentarios, fecha, comentarioHorario, activo) VALUES (5, 25, 200, 2, '', '2023-12-01', 'PASAR EL LUNES DURANTE EL DIA', 1);
INSERT INTO Recibos (idRecolector, idDonante, cantidad, cobrado, comentarios, fecha, comentarioHorario, activo) VALUES (1, 26, 200, 2, '', '2023-12-01', '4 DE SEPTIEMBRE DE 10 A 1', 1);
INSERT INTO Recibos (idRecolector, idDonante, cantidad, cobrado, comentarios, fecha, comentarioHorario, activo) VALUES (2, 27, 400, 2, '', '2023-12-01', 'DESPUES DE LAS 2 PM', 1);
INSERT INTO Recibos (idRecolector, idDonante, cantidad, cobrado, comentarios, fecha, comentarioHorario, activo) VALUES (3, 28, 200, 2, '', '2023-12-01', 'PASAR  DE 9  A 1 ,  04 SEPT', 1);
INSERT INTO Recibos (idRecolector, idDonante, cantidad, cobrado, comentarios, fecha, comentarioHorario, activo) VALUES (4, 29, 200, 2, '', '2023-12-01', 'PASAR EL LUNES 04/09  DE 10-1', 1);
INSERT INTO Recibos (idRecolector, idDonante, cantidad, cobrado, comentarios, fecha, comentarioHorario, activo) VALUES (5, 30, 500, 2, '', '2023-12-01', 'DESPUÉS DE LAS 2 TOCAR FUERTE, SEGUNDO PIDO', 1);

--Admins
INSERT INTO Admins (idLogin, nombres, apellidos, activo) VALUES (2, 'María', 'García', 1);
INSERT INTO Admins (idLogin, nombres, apellidos, activo) VALUES ( 7, 'Ana', 'Garza', 1);
INSERT INTO Admins (idLogin, nombres, apellidos, activo) VALUES ( 8, 'Luisa', 'Sanchez', 1);
INSERT INTO Admins (idLogin, nombres, apellidos, activo) VALUES ( 9, 'Pedro', 'Perez', 1);
INSERT INTO Admins (idLogin, nombres, apellidos, activo) VALUES ( 10, 'Juan', 'Flores', 1);

--Acciones
INSERT INTO Acciones (tipo, descripcion, activo) VALUES ('Login', 'El usuario ingresó a su cuenta', 1);
INSERT INTO Acciones (tipo, descripcion, activo) VALUES ('Login', 'El usuario salió de su cuenta', 1);
INSERT INTO Acciones (tipo, descripcion, activo) VALUES ('Recolección', 'El usuario cobró un recibo', 1);
INSERT INTO Acciones (tipo, descripcion, activo) VALUES ('Recolección', 'El usuario agregó un comentario a un recibo', 1);

--BitacoraActividadUsuarios


END;